"q","effective_rank","path","median_ms","mad_ms","min_ms","max_ms","reps"
200,40,"LAPACK split-merge",3.638873,0.1693514676,3.415833,9.171659,30
200,40,"RSpectra truncated",0.9369525,0.0133426587,0.915735,1.126762,30
500,100,"LAPACK split-merge",22.1420705,0.7813509564,21.068383,26.631058,20
500,100,"RSpectra truncated",27.957572,0.5873201292,27.559995,32.321448,20
800,150,"LAPACK split-merge",71.3775355,2.8925911476,67.17276,182.332699,10
800,150,"RSpectra truncated",53.9488045,2.9359016001,50.049684,58.935327,10
