"N","p","q","path","median_us","mad_us","min_us","max_us","reps"
1000,10,40,"R",83.189,4.1942754,77.982,214.02,200
1000,10,40,"C++",58.343,4.0119156,54.243,166.255,200
10000,20,100,"R",1682.7835,34.9826883,1620.074,3095.09,100
10000,20,100,"C++",1138.857,41.7907875,1096.627,1447.095,100
50000,30,200,"R",20084.916,116.2543725,19942.892,21125.086,30
50000,30,200,"C++",14940.154,129.5362446,14817.728,16243.052,30
