"p","path","median_us","mad_us","min_us","max_us","reps"
20,"R legacy",39.729,1.823598,35.424,115.169,200
20,"C++ Cholesky",12.177,0.7294392,10.373,6913.666,200
50,"R legacy",91.9015,3.7991625,86.428,227.796,200
50,"C++ Cholesky",45.141,2.7961836,41.615,88.642,200
80,"R legacy",176.0745,19.4821053,154.037,281.424,200
80,"C++ Cholesky",111.7045,6.0178734,97.129,155.144,200
99,"R legacy",255.758,31.5786387,227.714,581.052,200
99,"C++ Cholesky",170.8265,7.7198982,151.618,195.283,200
