"p","path","median_us","mad_us","min_us","max_us","reps"
20,"R legacy",38.417,0.7294392,37.228,119.638,200
20,"C++ Cholesky",12.218,0.607866,11.152,7023.587,200
50,"R legacy",84.1525,3.6775893,75.85,173.758,200
50,"C++ Cholesky",43.255,3.03933,39.606,78.597,200
80,"R legacy",164.6355,10.5160818,150.716,295.405,200
80,"C++ Cholesky",110.8025,8.4797307,94.71,192.577,200
99,"R legacy",245.3645,10.3033287,228.821,424.678,200
99,"C++ Cholesky",164.5945,9.4523163,146.001,275.889,200
