"N","p","q","path","median_us","mad_us","min_us","max_us","reps"
1000,10,40,"R",83.4965,3.343263,78.228,94.464,200
1000,10,40,"C++",59.655,3.2216898,54.407,147.149,200
10000,20,100,"R",1704.944,21.2449167,1635.408,1897.726,100
10000,20,100,"C++",1151.731,24.4969998,1108.681,1273.419,100
50000,30,200,"R",20089.221,283.9646019,19845.148,22025.528,30
50000,30,200,"C++",14843.312,183.5451387,14647.496,18069.971,30
