"N","G","q","re_cov","method","median_s","mad_s","min_s","max_s","iterations","converged","sigma_eps_hat","reps"
1000,10,20,"kronecker","csl",0.00718808174133301,0.00862878527641296,0.00136804580688477,0.0519490242004395,1,TRUE,0.498803407140085,3
5000,20,40,"kronecker","csl",0.00319814682006836,0.000630253744125366,0.00277304649353027,0.00759696960449219,1,TRUE,0.499549797471675,3
20000,40,80,"kronecker","csl",0.0135078430175781,0.00142487540245056,0.0125467777252197,0.0163099765777588,1,TRUE,0.497478683104827,3
50000,80,160,"kronecker","csl",0.058027982711792,0.00330609269142151,0.0538320541381836,0.0602579116821289,1,TRUE,0.499876794376869,3
