"N","G","q","re_cov","method","median_s","mad_s","min_s","max_s","iterations","converged","sigma_eps_hat","reps"
1000,10,20,"kronecker","csl",0.00143814086914062,9.0844202041626e-05,0.00137686729431152,0.0121140480041504,1,TRUE,0.498803407140085,3
5000,20,40,"kronecker","csl",0.00271296501159668,9.22581195831299e-05,0.00256013870239258,0.00277519226074219,1,TRUE,0.499549797471675,3
20000,40,80,"kronecker","csl",0.0125470161437988,0.000757506322860718,0.0120360851287842,0.0163180828094482,1,TRUE,0.497478683104827,3
50000,80,160,"kronecker","csl",0.0612161159515381,0.00160373597145081,0.0537710189819336,0.0622978210449219,1,TRUE,0.499876794376869,3
