"q","effective_rank","path","median_ms","mad_ms","min_ms","max_ms","reps"
200,40,"LAPACK split-merge",3.474176,0.1686220284,3.248102,3.784382,30
200,40,"RSpectra truncated",0.9703265,0.0450428706,0.914177,5.719377,30
500,100,"LAPACK split-merge",22.134055,0.539785008,21.428486,27.247698,20
500,100,"RSpectra truncated",28.1616905,0.7133915376,27.476355,31.703537,20
800,150,"LAPACK split-merge",71.880093,3.3300115212,67.047833,76.346428,10
800,150,"RSpectra truncated",57.699874,7.8699195288,50.748119,86.194054,10
